movie_financial_summary_display_name,movie_financial_summary_domestic_box_office,movie_financial_summary_production_budget,movie_acting_role_display_name,movie_acting_role_billing,movie_technical_role_display_name,movie_production_company_display_name,movie_theatrical_chart_entry_theater_count,movie_source_display_name,movie_creative_type_display_name,movie_production_method_display_name,movie_sequel,movie_theatrical_release_release_date
"10,000 B.C.",94784201,105000000,Cliff Curtis,3,Roland Emmerich,Centropolis Entertainment,3410,Original Screenplay,Historical Fiction,Live Action,0,2008-03-07
12 Rounds,12234694,20000000,Ashley Scott,3,Renny Harlin,WWE Films,13,Original Screenplay,Contemporary Fiction,Live Action,0,2009-03-27
127 Hours,18335230,18000000,James Franco,1,Christian Colson,Big Screen Prods,4,Based on Real Life Events,Dramatization,Live Action,0,2010-11-05
1408,71985628,22500000,Mary McCormack,3,Mikael Hafstrom,,2678,Based on Fiction Book/Short Story,Contemporary Fiction,Live Action,0,2007-06-22
16 to Life,11574,1000000,Hallee Hirsh,1,Becky Smith,Waterdog Films,2,Original Screenplay,Contemporary Fiction,Live Action,0,2010-09-03
17 Again,64167069,40000000,Zac Efron,1,Burr Steers,,388,Original Screenplay,Fantasy,Live Action,0,2009-04-17
1941,34175000,32000000,John Belushi,2,Steven Spielberg,A-Team,325,Original Screenplay,Historical Fiction,Live Action,0,1979-12-14
2 For the Money,22991379,20000000,Al Pacino,2,D.J. Caruso,,2391,Original Screenplay,Contemporary Fiction,Live Action,0,2005-10-07
2 Guns,75612460,61000000,Denzel Washington,2,Baltasar Kormakur,Universal Pictures,3025,Based on Comic/Graphic Novel,Contemporary Fiction,Live Action,0,2013-08-02
2012,166112167,200000000,Amanda Peet,3,Aaron Boyd,Centropolis Entertainment,3404,Original Screenplay,Science Fiction,Live Action,0,2009-11-13
21,81159365,35000000,Jim Sturgess,1,Robert Luketic,Relativity Media,2903,Based on Fiction Book/Short Story,Contemporary Fiction,Live Action,0,2008-03-28
21 and Over,25682380,13000000,Miles Teller,1,Jon Lucas,,2771,Original Screenplay,Contemporary Fiction,Live Action,0,2013-03-01
28 Weeks Later,28638916,15000000,Rose Byrne,2,,,2013,Original Screenplay,Science Fiction,Live Action,1,2007-05-11
3,59774,7200000,Sophie Rois,1,Tom Tykwer,X Filme Creative Pool,4,Original Screenplay,Contemporary Fiction,Live Action,0,2011-09-16
3 Men and a Baby,167780960,15000000,Ted Danson,3,Leonard Nimoy,,1006,Remake,Contemporary Fiction,Live Action,0,1987-11-25
30 Days of Night,39568996,30000000,Danny Huston,3,,Mandate Pictures,2627,Based on Comic/Graphic Novel,Fantasy,Live Action,0,2007-10-19
30 Minutes or Less,37053924,28000000,Jesse Eisenberg,1,Ruben Fleischer,Columbia Pictures,2888,Original Screenplay,Contemporary Fiction,Live Action,0,2011-08-12
300,210614939,60000000,Lena Headey,2,Zack Snyder,Legendary Pictures,403,Based on Comic/Graphic Novel,Historical Fiction,Animation/Live Action,0,2007-03-09
3:10 to Yuma,53606916,48000000,Logan Lerman,3,James Mangold,,2652,Remake,Historical Fiction,Live Action,0,2007-09-07
42,95020213,40000000,Nicole Beharie,3,Brian Helgeland,Warner Bros.,3003,Based on Real Life Events,Dramatization,Live Action,0,2013-04-12
5 Days of War,17479,12000000,Rupert Friend,1,Renny Harlin,GIF,2,Based on Real Life Events,Dramatization,Live Action,0,2011-08-19
50 First Dates,120776832,75000000,Rob Schneider,3,Peter Segal,Happy Madison,3591,Original Screenplay,Contemporary Fiction,Live Action,0,2004-02-13
50/50,35016118,8000000,Joseph Gordon-Levitt,1,Jonathan Levine,Summit Entertainment,2458,Based on Real Life Events,Contemporary Fiction,Live Action,0,2011-09-30
88 Minutes,16930884,30000000,Leelee Sobieski,3,Jon Avnet,,2168,Original Screenplay,Contemporary Fiction,Live Action,0,2008-04-18
9,31749894,30000000,Martin Landau,3,Shane Acker,,1653,Original Screenplay,Fantasy,Digital Animation,0,2009-09-09
A Beautiful Mind,170708996,78000000,Jennifer Connelly,3,Ron Howard,DreamWorks,11,Based on Factual Book/Article,Dramatization,Live Action,0,2001-12-21
A Bug's Life,162798565,45000000,Julia Louis-Dreyfus,3,Andrew Stanton,Disney-Pixar,2686,Original Screenplay,Fantasy,Digital Animation,0,1998-11-20
A Dangerous Method,5702083,20000000,Viggo Mortensen,2,David Cronenberg,Lago Film,4,Based on Play,Dramatization,Live Action,0,2011-11-23
A Few Good Men,141340178,33000000,Jack Nicholson,2,Rob Reiner,Castle Rock Entertainment,1925,Based on Play,Contemporary Fiction,Live Action,0,1992-12-11
A Good Day to Die Hard,67349198,92000000,Bruce Willis,1,John Moore,20th Century Fox,3553,Original Screenplay,Contemporary Fiction,Live Action,1,2013-02-14
A Good Year,7459300,35000000,Russell Crowe,1,Ridley Scott,,2066,Based on Fiction Book/Short Story,Contemporary Fiction,Live Action,0,2006-11-10
A History of Violence,31493782,32000000,William Hurt,3,David Cronenberg,,1340,Based on Comic/Graphic Novel,Contemporary Fiction,Live Action,0,2005-09-23
A League of Their Own,107533925,40000000,Geena Davis,2,Penny Marshall,,2060,Original Screenplay,Historical Fiction,Live Action,0,1992-07-01
A Mighty Heart,9176787,15000000,Angelina Jolie,1,Michael Winterbottom,,1350,Based on Fiction Book/Short Story,Dramatization,Live Action,0,2007-06-22
A Night at the Roxbury,30331165,17000000,Will Ferrell,1,Lorne Michaels,,1865,Based on TV,Contemporary Fiction,Live Action,0,1998-10-02
A Nightmare on Elm Street,63075011,35000000,Jackie Earle Haley,1,,,3332,Remake,Fantasy,Live Action,0,2010-04-30
A Nightmare on Elm Street,25504513,1800000,Heather Langenkamp,3,Wes Craven,New Line Cinema,165,Original Screenplay,Fantasy,Live Action,0,1984-11-09
A Scanner Darkly,5501616,20000000,Keanu Reeves,1,Richard Linklater,Warner Independent Pictures,216,Based on Fiction Book/Short Story,Science Fiction,Rotoscoping,0,2006-07-07
A Serious Man,9228788,7000000,Michael Stuhlbarg,1,Ethan Coen,Working Title Films,6,Original Screenplay,Historical Fiction,Live Action,0,2009-10-02
A Single Man,9176000,7000000,Colin Firth,1,,,9,Based on Fiction Book/Short Story,Historical Fiction,Live Action,0,2009-12-11
A Stir of Echoes,21133087,12000000,Kevin Bacon,1,David Koepp,,1888,Based on Fiction Book/Short Story,Contemporary Fiction,Live Action,0,1999-09-10
A Thin Line Between Love & Hate,34873513,8000000,Martin Lawrence,1,,,1131,Original Screenplay,Contemporary Fiction,Live Action,0,1996-04-03
A Time to Kill,108766007,40000000,Samuel L. Jackson,2,Joel Schumacher,TTK Productions,2123,Based on Fiction Book/Short Story,Contemporary Fiction,Live Action,0,1996-07-24
A Very Harold & Kumar 3D Christmas,35061031,20000000,John Cho,1,Todd Strauss-Schulson,New Line Cinema,2875,Original Screenplay,Fantasy,Live Action,1,2011-11-04
Abduction,28087155,35000000,Taylor Lautner,1,John Singleton,Gotham Entertainment,3118,Original Screenplay,Contemporary Fiction,Live Action,0,2011-09-23
About a Boy,40803000,27000000,Rachel Weisz,3,Chris Weitz,Working Title,1207,Based on Fiction Book/Short Story,Contemporary Fiction,Live Action,0,2002-05-17
About Time,12573058,12000000,Rachel McAdams,2,Richard Curtis,Universal Pictures,175,Original Screenplay,Science Fiction,Live Action,0,2013-11-01
Abraham Lincoln: Vampire Hunter,37519139,67500000,Benjamin Walker,1,Timur Bekmambetov,20th Century Fox,3108,Based on Fiction Book/Short Story,Fantasy,Live Action,0,2012-06-22
Across the Universe,24343673,45000000,Joe Anderson,3,,Revolution Studios,276,Original Screenplay,Historical Fiction,Live Action,0,2007-09-14
Act of Valor,70012847,12000000,Roselyn Sanchez,1,"Mike ""Mouse"" McCoy",Bandidto Brother's,3039,Original Screenplay,Contemporary Fiction,Live Action,0,2012-02-24
Action Jackson,20257000,7000000,Craig T. Nelson,3,Michael Kamen,,1249,Original Screenplay,Contemporary Fiction,Live Action,0,1988-02-12
Adam,2277396,3200000,Rose Byrne,2,,,4,Original Screenplay,Contemporary Fiction,Live Action,0,2009-07-29
Admission,18007317,13000000,Tina Fey,1,Paul Weitz,Focus Features,2160,Original Screenplay,Contemporary Fiction,Live Action,0,2013-03-22
Aeon Flux,25857987,55000000,Jonny Lee Miller,3,Graeme Revell,MTV Films,2608,Based on TV,Science Fiction,Live Action,0,2005-12-02
Agora,619423,70000000,Oscar Isaac,3,,,2,Original Screenplay,Historical Fiction,Live Action,0,2010-05-28
Air Force One,172956409,85000000,Glenn Close,3,Wolfgang Petersen,,2468,Original Screenplay,Contemporary Fiction,Live Action,0,1997-07-25
Akeelah and the Bee,18848430,8000000,Keke Palmer,2,Aaron Zigman,,2195,Original Screenplay,Contemporary Fiction,Live Action,0,2006-04-28
Akira,19585,8000000,Bob Bergen,1,,,2,Based on Comic/Graphic Novel,,,0,2001-04-27
Aladdin,217350219,28000000,Robin Williams,3,John Musker,Walt Disney Feature Animation,1131,Original Screenplay,,Hand Animation,0,1992-11-11
Alex Rider: Operation Stormbreaker,659210,40000000,Alex Pettyfer,1,,,221,Based on Fiction Book/Short Story,Contemporary Fiction,Live Action,0,2006-10-13
Alexander,34297191,155000000,Val Kilmer,3,Oliver Stone,Intermedia Film,2445,Based on Real Life Events,Dramatization,Live Action,0,2004-11-24
Ali,58183966,109000000,Jon Voight,3,Michael Mann,Initial Entertainment Group,2446,Based on Real Life Events,Dramatization,Live Action,0,2001-12-25
Alice in Wonderland,334191110,200000000,Mia Wasikowska,2,Tim Burton,Walt Disney Pictures,3728,Based on Fiction Book/Short Story,Fantasy,Animation/Live Action,0,2010-03-05
Alien,80930630,9000000,Tom Skerritt,1,Ridley Scott,,91,Original Screenplay,Science Fiction,Live Action,0,1979-05-25
Aliens in the Attic,25200412,45000000,Ashley Tisdale,1,John Debney,,1535,Original Screenplay,Science Fiction,Live Action,0,2009-07-31
Alive,36299670,32000000,Vincent Spano,2,Frank Marshall,Touchstone Pictures,1132,Based on Fiction Book/Short Story,Dramatization,Live Action,0,1993-01-15
All Good Things,582024,20000000,Frank Langella,3,Marc Smerling,Hit the Ground Running Productions,2,Original Screenplay,Contemporary Fiction,Live Action,0,2010-12-03
All the King's Men,7221458,55000000,Anthony Hopkins,3,Steven Zaillian,,1514,Based on Fiction Book/Short Story,Historical Fiction,Live Action,0,2006-09-22
Alone in the Dark,5178569,20000000,Tara Reid,3,Uwe Boll,,2124,Based on Game,Fantasy,Live Action,0,2005-01-28
Along Came Polly,88073507,42000000,Philip Seymour Hoffman,3,Theodore Shapiro,Jersey Films,2984,Original Screenplay,Contemporary Fiction,Live Action,0,2004-01-16
Alpha and Omega 3D,25107267,20000000,Christina Ricci,3,Anthony Bell,Crest Animation,2303,Original Screenplay,Kids Fiction,Digital Animation,0,2010-09-17
Alvin and the Chipmunks,217326974,55000000,Cameron Richardson,3,Tim Hill,Regency Enterprises,461,Based on TV,Kids Fiction,Animation/Live Action,0,2007-12-14
Alvin and the Chipmunks: The Squeakquel,219614612,70000000,Zachary Levi,1,Betty Thomas,,3656,Based on TV,Kids Fiction,Animation/Live Action,1,2009-12-23
Amelia,14279575,40000000,Hilary Swank,1,Mira Nair,,1070,Based on Fiction Book/Short Story,Dramatization,Live Action,0,2009-10-23
American Dreamz,7314027,17000000,Lawrence Pressman,1,Paul Weitz,,1500,Original Screenplay,Contemporary Fiction,Live Action,0,2006-04-21
American Gangster,130164645,100000000,Chiwetel Ejiofor,3,Ridley Scott,Relativity Media,3054,Based on Factual Book/Article,Dramatization,Live Action,0,2007-11-02
American Reunion,56758835,50000000,Jason Biggs,1,Jon Hurwitz,Universal Pictures,856,Original Screenplay,Contemporary Fiction,Live Action,1,2012-04-06
Amigo,184705,1500000,Chris Cooper,3,John Sayles,Pinoy Pictures,10,Based on Real Life Events,Historical Fiction,Live Action,0,2011-08-19
Amistad,44229441,40000000,Djimon Hounsou,3,Steven Spielberg,DreamWorks,322,Based on Real Life Events,Dramatization,Live Action,0,1997-12-12
Amour,6738954,9700000,Jean-Louis Trintignant,1,Michael Haneke,Les Films du Losange,3,Original Screenplay,Contemporary Fiction,Live Action,0,2012-12-19
An American Carol,7013191,20000000,Trace Adkins,3,David Zucker,,1639,Original Screenplay,Fantasy,Live Action,0,2008-10-03
An Everlasting Piece,75078,4000000,Anna Friel,3,Barry Levinson,Bayahibe Films Production,8,,,,0,2000-12-22
Analyze That,32122249,60000000,Joe D'Onofrio,1,Harold Ramis,Tribeca Productions,2635,Original Screenplay,Contemporary Fiction,Live Action,1,2002-12-06
Anchorman: The Legend of Ron Burgundy,84136909,25000000,Paul Rudd,3,Adam McKay,DreamWorks,2936,Original Screenplay,Historical Fiction,Live Action,0,2004-07-09
Angels & Demons,133375846,150000000,Ewan McGregor,2,Ron Howard,Columbia Pictures,370,Based on Fiction Book/Short Story,Contemporary Fiction,Live Action,1,2009-05-15
Anger Management,135560942,56000000,Marisa Tomei,3,Peter Segal,Revolution Studios,3551,Original Screenplay,Contemporary Fiction,Live Action,0,2003-04-11
Animal Kingdom,1044039,4200000,Ben Mendelsohn,1,Liz Watts,Porchlight Films,7,Original Screenplay,Contemporary Fiction,Live Action,0,2010-08-13
Anna and the King,39251128,75000000,Bai Ling,1,Andy Tennant,,2133,Based on Fiction Book/Short Story,Dramatization,Live Action,0,1999-12-17
Anonymous,4463292,27500000,Edward Hogg,3,Roland Emmerich,Columbia Pictures,265,Original Screenplay,Historical Fiction,Live Action,0,2011-10-28
Another Earth,1321194,175000,William Mapother,1,Mike Cahill,Artists Public Domain,4,Original Screenplay,Science Fiction,Live Action,0,2011-07-22
Another Year,3205706,8000000,Jim Broadbent,1,Mike Leigh,Thin Man Films,6,Original Screenplay,Contemporary Fiction,Live Action,0,2010-12-29
Apocalypto,50866635,40000000,Jonathan Brewer,3,Mel Gibson,,2465,Original Screenplay,Historical Fiction,Live Action,0,2006-12-08
Apollo 13,172070496,65000000,Kevin Bacon,2,Ron Howard,Image Entertainment,2302,Based on Factual Book/Article,Dramatization,Live Action,0,1995-06-30
Apollo 18,17686929,5000000,Warren Christie,1,Gonzolo Lopez-Gallego,Dimension Films,3328,Original Screenplay,Science Fiction,Live Action,0,2011-09-02
Appaloosa,20211394,20000000,Ed Harris,1,Ed Harris,,1045,Based on Fiction Book/Short Story,Historical Fiction,Live Action,0,2008-09-19
Aquamarine,18597342,12000000,Sara Paxton,1,Elizabeth Allen,,2512,Based on Fiction Book/Short Story,Fantasy,Live Action,0,2006-03-03
Arachnophobia,53208180,31000000,Harley Jane Kozak,2,Frank Marshall,Amblin Entertainment,1479,Original Screenplay,Science Fiction,Live Action,0,1990-07-18
Argo,136025503,44500000,Ben Affleck,1,Ben Affleck,Warner Bros,3232,Based on Factual Book/Article,Historical Fiction,Live Action,0,2012-10-12
Arlington Road,24419219,21500000,Joan Cusack,3,Mark Pellington,Lakeshore Entertainment,1631,Original Screenplay,Contemporary Fiction,Live Action,0,1999-07-09
Armageddon,201578182,140000000,Liv Tyler,3,Michael Bay,Touchstone Pictures,3090,Original Screenplay,Science Fiction,Live Action,0,1998-07-01
