movie_financial_summary_display_name,movie_financial_summary_domestic_box_office,movie_running_time,movie_acting_role_display_name,movie_technical_role_display_name,movie_poster_image_url
Avatar,760507625,162,Dileep Rao,Deborah L. Scott,http://www.the-numbers.com/images/movies/allposters/5260137.jpg
Titanic,658672302,194,Leonardo DiCaprio,James Cameron,http://www.the-numbers.com/images/movies/opusdata/Titanic-Thumbnail.jpg
Marvel's The Avengers,623279547,143,Scarlett Johansson,Joss Whedon,http://www.the-numbers.com/images/movies/opusdata/Avengers-The-Thumbnail.jpg
The Dark Knight,533345358,152,Cillian Murphy,Christopher Nolan,http://www.the-numbers.com/images/movies/allposters/3558476.jpg
Star Wars Ep. I: The Phantom Menace,474544677,133,Andrew Secombe,George Lucas,http://www.the-numbers.com/images/movies/opusdata/Star-Wars-Phantom-Menace-Thumbnail.jpg
Star Wars Ep. IV: A New Hope,460998007,121,Harrison Ford,George Lucas,http://www.the-numbers.com/images/movies/opusdata/Star-Wars-Thumbnail.jpg
The Dark Knight Rises,448139099,164,Christian Bale,Christopher Nolan,http://www.the-numbers.com/images/movies/opusdata/Batman-3-Thumbnail.jpg
Shrek 2,441226247,92,Mike Myers,Andrew Adamson,http://www.the-numbers.com/images/movies/opusdata/Shrek-2-Thumbnail.jpg
ET: The Extra-Terrestrial,435110554,114,Michael Durrell,Steven Spielberg,http://www.the-numbers.com/images/movies/opusdata/ET-Thumbnail.jpg
Pirates of the Caribbean: Dead Man's Chest,423315812,151,Johnny Depp,Gore Verbinski,http://www.the-numbers.com/images/movies/opusdata/Pirates-of-the-Caribbean-Dead-Mans-Chest-Thumbnail.jpg
The Lion King,422780140,87,Rowan Atkinson,Rob Minkoff,http://www.the-numbers.com/images/movies/opusdata/Lion-King-The-Thumbnail.jpg
Toy Story 3,415004880,102,Tim Allen,Michael Venturini,http://www.the-numbers.com/images/movies/allposters/6315104.jpg
Iron Man 3,408992272,130,"Robert Downey, Jr.",Shane Black,http://www.the-numbers.com/images/movies/opusdata/Iron-Man-3-Thumbnail.jpg
The Hunger Games,408010692,142,Wes Bentley,Gary Ross,http://www.the-numbers.com/images/movies/opusdata/Hunger-Games-The-Thumbnail.jpg
Spider-Man,403706375,121,Tobey Maguire,Danny Elfman,http://www.the-numbers.com/images/movies/opusdata/Spider-Man-Thumbnail.jpg
Transformers: Revenge of the Fallen,402111870,149,Shia LaBeouf,Michael Bay,http://www.the-numbers.com/images/movies/allposters/5049234.jpg
Jurassic Park,395708305,126,Miguel Sandoval,Steven Spielberg,http://www.the-numbers.com/images/movies/opusdata/Jurassic-Park-Thumbnail.jpg
Harry Potter and the Deathly Hallows: Part II,381011219,131,Josh Herdman,David Yates,http://www.the-numbers.com/images/movies/opusdata/Harry-Potter-and-the-Deathly-Hallows-Part-2-Thumbnail.jpg
Finding Nemo,380529370,100,Jordy Ranft,Kevin Reher,http://www.the-numbers.com/images/movies/opusdata/Finding-Nemo-Thumbnail.jpg
Star Wars Ep. III: Revenge of the Sith,380270577,139,Jay Laga'aia,George Lucas,
